core_peptide,rank
FNATRFASV,0.01
FNATRFASV,0.01
FNATRFASV,0.01
FNATRFASV,0.01
FNATRFASV,0.01
FNATRFASV,0.01
FNATRFASV,0.01
FNATRFASV,0.01
IRAAEIRAS,0.01
IRAAEIRAS,0.01
FNATRFASV,0.01
IRAAEIRAS,0.01
FNATRFASV,0.01
FNATRFASV,0.01
FNATRFASV,0.03
YVPAQEKNF,0.03
IAQYTSALL,0.03
IAQYTSALL,0.03
LTGIAVEQD,0.04
LTGIAVEQD,0.04
FNATRFASV,0.04
FNATRFASV,0.04
YVPAQEKNF,0.04
VIAWNSNNL,0.04
FNATRFASV,0.06
FASVYAWNR,0.06
FNATRFASV,0.06
KKFLPFQQF,0.07
FNATRFASV,0.07
YVPAQEKNF,0.07
FNATRFASV,0.07
FASVYAWNR,0.08
FERDISTEI,0.08
IYQTSNFRV,0.08
IRAAEIRAS,0.09
YVSQPFLMD,0.1
YLYRLFRKS,0.1
FERDISTEI,0.1
YVSQPFLMD,0.11
LIVNNATNV,0.11
IYQTSNFRV,0.11
LIANQFNSA,0.12
FLPFQQFGR,0.12
YVSQPFLMD,0.12
FNATRFASV,0.12
VIAWNSNNL,0.12
LTGIAVEQD,0.13
YQTSNFRVQ,0.13
FNATRFASV,0.13
YVSQPFLMD,0.14
FERDISTEI,0.14
IAQYTSALL,0.14
YVSQPFLMD,0.16
INITRFQTL,0.16
FERDISTEI,0.16
YQTSNFRVQ,0.17
IAQYTSALL,0.17
YYPDKVFRS,0.17
LIANQFNSA,0.18
LLFNKVTLA,0.18
YQTSNFRVQ,0.19
YVSQPFLMD,0.19
YQTSNFRVQ,0.19
FRSSVLHST,0.19
YLYRLFRKS,0.19
YYPDKVFRS,0.19
FRSSVLHST,0.2
FNATRFASV,0.2
FAQVKQIYK,0.2
YLYRLFRKS,0.2
LIANQFNSA,0.2
IYQTSNFRV,0.21
YQTSNFRVQ,0.22
NQVAVLYQG,0.22
FASVYAWNR,0.22
FQTLLALHR,0.23
YVSQPFLMD,0.24
FNATRFASV,0.24
FRSSVLHST,0.24
